Village_ID,Village_name,Area_Code,Fullname_Area,Shape_Area,Shape_file,Location_centre,Comments
ND_SG_1,Mageri,SMA_Hs,Mageri_Hills,,,Mageri_Village_centre,
ND_SG_1,Mageri,SMA_CP,Mageri_Crop_waste,,,Mageri_Village_centre,
ND_SG_1,Mageri,SMA_VP,Mageri_Village_Perimeter,,,Mageri_Village_centre,
ND_SG_1,Mageri,SMA_KR,Mageri_Kibigo_River,,,Mageri_Kibigo_River,
ND_SG_1,Mageri,SMA_NR,Mageri_Nkolomana_River,,,Mageri_Nkolomana_River,
ND_SG_1,Mageri,SMA_DR,Mageri_Dadaha_River,,,Mageri_Dadaha_River,
ND_SG_1,Mageri,SMA_MR,Mageri_Mojewansho_River,,,Mageri_Mojewansho_River,
ND_SG_1,Mageri,SMA_MO_R,Mageri_Mora_River,,,Mageri_Mora_River,
ND_SG_1,Mageri,SMA_ED,Mageri_Edari_Dam,,,Mageri_Edari_Dam,
ND_SG_1,Mageri,SMA_MG_R,Mageri_Mgoroma_River,,,Mageri_Mgoroma_River,
ND_SG_1,Mageri,SMA_WR,Mageri_Wanza_River,,,Mageri_Wanza_River,
ND_SG_2,Mgongo,SMG_CP,Mgongo_Crop_waste,,,Mgongo_Village_centre,
ND_SG_2,Mgongo,SMG_VP,Mgongo_Village_Perimeter,,,Mgongo_Village_centre,
ND_SG_2,Mgongo,SMG_NR,Mgongo_Nyasaba_River,,,Mgongo_Nyasaba_River,
ND_SG_2,Mgongo,SMG_Hs,Mgongo_Hills,,,Mgongo_Village_centre,
ND_SG_2,Mgongo,SMG_H1,Mgongo_Hill_Muyangene,,,Mgongo_Hill_Muyangene,
ND_SG_2,Mgongo,SMG_RA,Mgongo_Reserved_Area,,,Mgongo_Reserved_Area,
ND_SG_2,Mgongo,SMG_RR,Mgongo_Rukurene_River,,,Mgongo_Rukurene_River,
ND_SG_2,Mgongo,SMG_MR,Mgongo_Miringome_River,,,Mgongo_Miringome_River,
ND_SG_2,Mgongo,SMG_NG_R,Mgongo_Ngodime_River,,,Mgongo_Ngodime_River,
ND_SG_2,Mgongo,SMG_MB_R,Mgongo_Mbaribarine_River,,,Mgongo_Mbaribarine_River,STG_Hs
ND_SG_2,Mgongo,SMG_NH_R,Mgongo_Nghabona_River,,,Mgongo_Nghabona_River,
ND_KG_2,Tinaga,STG_Hs,Tinaga_Hills,,,Tinaga_Village_centre,
ND_KG_2,Tinaga,STG_H1,Tinaga_Ebwe_Lyanjoki_Hill,,,Tinaga_Ebwe_Lyanjoki_Hill,
ND_KG_2,Tinaga,STG_H2,Tinaga_Kadereghe_Hill,,,Tinaga_Kadereghe_Hill,
ND_KG_2,Tinaga,STG_H3,Tinaga_Biseria_Hill,,,Tinaga_Biseria_Hill,
ND_KG_2,Tinaga,STG_H4,Tinaga_Tembe_Hill,,,Tinaga_Tembe_Hill,
ND_KG_2,Tinaga,STG_H5,Tinaga_Kamunduli_Hill,,,Tinaga_Kamunduli_Hill,
ND_KG_2,Tinaga,STG_K,Tinaga_Khediga_Grazing_Area,,,Tinaga_Khediga_Grazing_Area,
ND_KG_2,Tinaga,STG_E,Tinaga_Ebelane_Grazing_Area,,,Tinaga_Ebelane_Grazing_Area,
ND_KG_2,Tinaga,STG_VP,Tinaga_Village_Perimeter,,,Tinaga_Village_centre,
ND_KG_2,Tinaga,STG_CP,Tinaga_Crop_waste,,,Tinaga_Village_centre,
ND_KG_2,Tinaga,STG_V,Tinaga_Village,,,Tinaga_Village_centre,
ND_KG_2,Tinaga,STG_Ws,Tinaga_Village_Water_sources,,,Tinaga_Village_centre,
ND_KG_2,Tinaga,STG_MW_R,Tinaga_Mweryane_River,,,Tinaga_Mweryane_River,
ND_KG_2,Tinaga,STG_GR,Tinaga_Ghauka_River,,,Tinaga_Ghauka_River,
ND_KG_2,Tinaga,STG_MR,Tinaga_Mojenwansho_River,,,Tinaga_Mojenwansho_River,
ND_KG_2,Tinaga,STG_VPL,Tinaga_Village_pool_spills,,,Tinaga_Village_centre,
ND_SG_3,Samunge,SSM_CP,Samunge_Crop_waste,,,Samunge_Village_centre,
ND_SG_3,Samunge,SSM_V,Samunge_Village,,,Samunge_Village_centre,
ND_SG_3,Samunge,SSM_VP,Samunge_Village_Perimeter,,,Samunge_Village_centre,
ND_SG_3,Samunge,SSM_VPL,Samunge_Village_Perimeter_pool_spills,,,Samunge_Village_centre,
ND_SG_3,Samunge,SSM_H1,Samunge_Mojenane_Hill,,,Samunge_Mojenane_Hill,
ND_SG_3,Samunge,SSM_H2,Samunge_Masosi_Hill,,,Samunge_Masosi_Hill,
ND_SG_3,Samunge,SSM_GRA,Samunge_Mojenane_Grazing_Area,,,Samunge_Mojenane_Grazing_Area,
ND_SG_3,Samunge,SSM_H3,Samunge_Mohoji_Hill,,,Samunge_Mohoji_Hill,
ND_SG_3,Samunge,SSM_MS,Samunge_Mserane_River,,,Samunge_Mserane_River,
ND_SG_3,Samunge,SSM_KR,Samunge_Kabarane_River,,,Samunge_Kabarane_River,
ND_SG_3,Samunge,SSM_RS,Samunge_Rima_Spring,,,Samunge_Rima_Spring,
ND_SG_3,Samunge,SSM_JR,Samunge_Juhe_River,,,Samunge_Juhe_River,
ND_SG_3,Samunge,SSM_GR,Samunge_Gheru_River,,,Samunge_Gheru_River,
ND_SG_3,Samunge,SSM_MR,Samunge_Mtoyo_River,,,Samunge_Mtoyo_River,
ND_SG_3,Samunge,SSM_Sp_1W,Samunge_Mojenane_Salt_point,,,Samunge_Mojenane_Hill,
ND_SG_3,Samunge,SSM_Sp_1M,Samunge_Mojenane_Salt_point_1M,,,Samunge_Mojenane_Hill,
ND_SG_3,Samunge,SSM_Sp2_1W,Samunge_Juhe_Salt_point,,,Samunge_Juhe_River,
ND_SG_4,Yasi Mdito,SYM_V,Yasi_Mdito_Village,,,Yasi_Mdito_Village_centre,
ND_SG_4,Yasi Mdito,SYM_VP,Yasi_Mdito_Village_Perimeter,,,Yasi_Mdito_Village_centre,
ND_SG_4,Yasi Mdito,SYM_MV,Yasi_Mdito_Mdito_Village,,,Yasi_Mdito_Mdito_subVillage_centre,
ND_SG_4,Yasi Mdito,SYM_YV,Yasi_Mdito_Yasi_Village,,,Yasi_Mdito_Yasi_subVillage_centre,
ND_SG_4,Yasi Mdito,SYM_H1,Yasi_Mdito_Hill_Mboghone,,,Yasi_Mdito_Hill_Mboghone,
ND_SG_4,Yasi Mdito,SYM_H2,Yasi_Mdito_Hill_Nadaraghwa,,,Yasi_Mdito_Hill_Nadaraghwa,
ND_SG_4,Yasi Mdito,SYM_H3,Yasi_Mdito_Hill_Makalane,,,Yasi_Mdito_Hill_Makalane,
ND_SG_4,Yasi Mdito,SYM_H4,Yasi_Mdito_Hill_Magibaro,,,Yasi_Mdito_Hill_Magibaro,
ND_SG_4,Yasi Mdito,SYM_H5,Yasi_Mdito_Hill_Wamwane,,,Yasi_Mdito_Hill_Wamwane,
ND_SG_4,Yasi Mdito,SYM_CP,Yasi_Mdito_Village_Crop_waste,,,Yasi_Mdito_Village_centre,
ND_SG_4,Yasi Mdito,SYM_RN,Yasi_Mdito_River_Ngolobene,,,Yasi_Mdito_River_Ngolobene,
ND_SG_4,Yasi Mdito,SYM_RY,Yasi_Mdito_River_Yasi,,,Yasi_Mdito_River_Yasi,
ND_SG_4,Yasi Mdito,SYM_RR,Yasi_Mdito_River_Rima,,,Yasi_Mdito_River_Rima,
ND_SG_4,Yasi Mdito,SYM_RG,Yasi_Mdito_River_Ghere,,,Yasi_Mdito_River_Ghere,
ND_SG_4,Yasi Mdito,SYM_RM,Yasi_Mdito_River_Mtoyo,,,Yasi_Mdito_River_Mtoyo,
ND_DD_1,Digodigo,SDD_Sp,Digodigo_Salt_point,,,Digodigo_River_Baga_Juhe_Rera,
ND_DD_1,Digodigo,SDD_Hs,Digodigo_Hills,,,Digodigo_Hills_Ndalane,
ND_DD_1,Digodigo,SDD_VP,Digodigo_Village_Perimeter,,,Digodigo_Village_centre,
ND_DD_1,Digodigo,SDD_CP,Digodigo_Crop_waste,,,Digodigo_Village_centre,
ND_DD_1,Digodigo,SDD_RN,Digodigo_River_Ndigani,,,Digodigo_River_Ndigani,
ND_DD_1,Digodigo,SDD_RB,Digodigo_River_Baga,,,Digodigo_River_Baga,
ND_DD_2,Rera,SRR_V,Rera_Village,,,Rera_Village_centre,
ND_DD_2,Rera,SRR_RJ,Rera_River_Juhe,,,Rera_River_Juhe,
ND_DD_2,Rera,SRR_GRA1,Rera_Grazing_Area_Bwelo,,,Rera_Grazing_Area_Bwelo,
ND_DD_2,Rera,SRR_GRA2,Rera_Grazing_Area_Mbure,,,Rera_Grazing_Area_Mbure,
ND_DD_2,Rera,SRR_H1,Rera_Hill_Nghamasa,,,Rera_Hill_Nghamasa,
ND_DD_2,Rera,SRR_H2,Rera_Hill_Nziniya,,,Rera_Hill_Nziniya,
ND_DD_2,Rera,SRR_VP,Rera_Village_Perimeter,,,Rera_Village_centre,
ND_DD_2,Rera,SRR_CP,Rera_Crop_waste,,,Rera_Village_centre,
ND_DD_2,Rera,SRR_Sp_1W,Rera_Salt_point,,,Rera_River_Juhe,
ND_KG_1,Kisanjiro,SKS_Hs,Kisanjiro_Hills,,,Kisanjiro_Village_Gibiledi,
ND_KG_1,Kisanjiro,SKS_H1,Kisanjiro_Hill_Kitoyo,,,Kisanjiro_Hill_Kitoyo,
ND_KG_1,Kisanjiro,SKS_H2,Kisanjiro_Hill_Kibisi,,,Kisanjiro_Hill_Kibisi,
ND_KG_1,Kisanjiro,SKS_H3,Kisanjiro_Hill_Seregeyameje,,,Kisanjiro_Hill_Seregeyameje,
ND_KG_1,Kisanjiro,SKS_H4,Kisanjiro_Hill_Mabuku,,,Kisanjiro_Hill_Mabuku,
ND_KG_1,Kisanjiro,SKS_H5,Kisanjiro_Hill_Mokiyolo,,,Kisanjiro_Hill_Mokiyolo,
ND_KG_1,Kisanjiro,SKS_H6,Kisanjiro_Hill_Kabiso,,,Kisanjiro_Hill_Kabiso,
ND_KG_1,Kisanjiro,SKS_H7,Kisanjiro_Hill_Biserya,,,Kisanjiro_Hill_Biserya,
ND_KG_1,Kisanjiro,SKS_H8,Kisanjiro_Hill_Matane,,,Kisanjiro_Hill_Matane,
ND_KG_1,Kisanjiro,SKS_H9,Kisanjiro_Hill_Ngoge,,,Kisanjiro_Hill_Ngoge,
ND_KG_1,Kisanjiro,SKS_V_Ws,Kisanjiro_Central_Grazing_Area_Gibiledi_Water_sources,,,Kisanjiro_Village_Gibiledi,
ND_KG_1,Kisanjiro,SKS_V,Kisanjiro_Central_Grazing_Area_Gibiledi,,,Kisanjiro_Village_Gibiledi,
ND_KG_1,Kisanjiro,SKS_CP,Kisanjiro_Crop_waste,,,Kisanjiro_Village_centre,
ND_KG_1,Kisanjiro,SKS_RJ,Kisanjiro_River_Juhe,,,Kisanjiro_River_Juhe,
ND_KG_1,Kisanjiro,SKS_RM,Kisanjiro_River_Meja,,,Kisanjiro_River_Meja,
ND_KG_1,Kisanjiro,SKS_Gs,Kisanjiro_Gibiledi_spring,,,Kisanjiro_Gibiledi_spring,
ND_KG_1,Kisanjiro,SKS_RR,Kisanjiro_River_Ruyaga,,,Kisanjiro_River_Ruyaga,
ND_KG_1,Kisanjiro,SKS_WT,Kisanjiro_Water_throughs_Kajine_spring,,,Kisanjiro_Water_throughs_Kajine_spring,
ND_KG_1,Kisanjiro,SKS_WT1,Kisanjiro_Water_through_Kirangi,,,Kisanjiro_Water_through_Ghuntwara,
ND_KG_1,Kisanjiro,SKS_WT2,Kisanjiro_Water_through_Bwelo,,,Kisanjiro_Water_through_Kirangi,
ND_KG_1,Kisanjiro,SKS_WT3,Kisanjiro_Water_through_Bwelo,,,Kisanjiro_Water_through_Bwelo,
ND_KG_1,Kisanjiro,SKS_RW,Kisanjiro_Waresa_spring,,,Kisanjiro_Waresa_spring,
ND_KG_3,Mugholo,SMH_V,Mugholo_Village,,,Mugholo_Village_centre,
ND_KG_3,Mugholo,SMH_H1,Mugholo_Hill_Mutalo,,,Mugholo_Hill_Mutalo,
ND_KG_3,Mugholo,SMH_H2,Mugholo_Hill_Madheba,,,Mugholo_Hill_Madheba,
ND_KG_3,Mugholo,SMH_H3,Mugholo_Hill_Daru,,,Mugholo_Hill_Daru,
ND_KG_3,Mugholo,SMH_H6,Mugholo_Hill_Malelegi,,,Mugholo_Hill_Malelegi,
ND_KG_3,Mugholo,SMH_H5,Mugholo_Hill_Ndelani,,,Mugholo_Hill_Ndelani,
ND_KG_3,Mugholo,SMH_H4,Mugholo_Hill_Bughome,,,Mugholo_Hill_Bughome,
ND_KG_3,Mugholo,SMH_VP,Mugholo_Village_Perimeter,,,Mugholo_Village_centre,
ND_KG_3,Mugholo,SMH_CP,Mugholo_Crop_waste,,,Mugholo_Village_centre,
ND_KG_3,Mugholo,SMH_RJ,Mugholo_River_Juhe,,,Mugholo_River_Juhe,
ND_KG_3,Mugholo,SMH_WT1,Mugholo_Water_throughs_Bwelo,,,Mugholo_Water_throughs_Bwelo,
ND_KG_3,Mugholo,SMH_WT2,Mugholo_Water_throughs_Kirangi,,,Mugholo_Water_throughs_Kirangi,
ND_KG_3,Mugholo,SMH_WT,Mugholo_Water_throughs,,,Mugholo_Water_throughs_Kibuna,
ND_KG_3,Mugholo,SMH_RG,Mugholo_River_Ghauka,,,Mugholo_River_Ghauka,
ND_KG_3,Mugholo,SMH_RN,Mugholo_River_Ndighani,,,Mugholo_River_Ndighani,
ND_OS_1,Oldonyo Sambu,SOS_V,Oldonyo_Sambu_Grazing_Area_Burugari,,,Oldonyo_Sambu_Grazing_Area_Burugari,
ND_OS_1,Oldonyo Sambu,SOS_R,Oldonyo_Sambu_River,,,Oldonyo_Sambu_River,
ND_OS_1,Oldonyo Sambu,SOS_H1,Oldonyo_Sambu_Hill_Musanga,,,Oldonyo_Sambu_Hill_Musanga,
ND_OS_1,Oldonyo Sambu,SOS_VP,Oldonyo_Sambu_Village_Perimeter,,,Oldonyo_Sambu_Village_centre,
ND_OS_1,Oldonyo Sambu,SOS_H2,Oldonyo_Sambu_Hill_Irimigho,,,Oldonyo_Sambu_Hill_Irimigho,
ND_OS_1,Oldonyo Sambu,SOS_H3,Oldonyo_Sambu_Hill_Muambasuni,,,Oldonyo_Sambu_Hill_Muambasuni,
ND_OS_1,Oldonyo Sambu,SOS_H4,Oldonyo_Sambu_Hill_Bihiri,,,Oldonyo_Sambu_Hill_Bihiri,
ND_OS_1,Oldonyo Sambu,SOS_H5,Oldonyo_Sambu_Hill_Kitogo,,,Oldonyo_Sambu_Hill_Kitogo,
ND_OS_1,Oldonyo Sambu,SOS_H6,Oldonyo_Sambu_Hill_Buhinga,,,Oldonyo_Sambu_Hill_Buhinga,
ND_OS_1,Oldonyo Sambu,SOS_H7,Oldonyo_Sambu_Hill_Biera,,,Oldonyo_Sambu_Hill_Biera,
ND_OS_1,Oldonyo Sambu,SOS_CP,Oldonyo_Sambu_Crop_waste,,,Oldonyo_Sambu_Village_centre,
ND_OS_1,Oldonyo Sambu,SOS_RB,Oldonyo_Sambu_River_Baga,,,Oldonyo_Sambu_River_Baga,
ND_OS_1,Oldonyo Sambu,SOS_Sp_1D,Oldonyo_Sambu_Salt_point_Burugari_1D,,,Oldonyo_Sambu_Grazing_Area_Burugari,
ND_OS_1,Oldonyo Sambu,SOS_Sp_1W,Oldonyo_Sambu_Salt_point_Burugari_1W,,,Oldonyo_Sambu_Grazing_Area_Burugari,
ND_OS_2,Jema,SJM_V,Jema_Grazing_Area,,,Jema_Grazing_Area_Ngele,
ND_OS_2,Jema,SJM_H1,Jema_Hill_Hegere,,,Jema_Hill_Hegere,SJM_B_R
ND_OS_2,Jema,SJM_VP,Jema_Village_Perimeter,,,Jema_Village_centre,
ND_OS_2,Jema,SJM_CP,Jema_Crop_waste,,,Jema_Village_centre,
ND_OS_2,Jema,SJM_GRA1,Jema_Suhgho_Nselebwegolo_Grazing_Area,,,Jema_Suhgho_Nselebwegolo_Grazing_Area,
ND_OS_2,Jema,SJM_GRA2,Jema_Ebatiliariro_Grazing_Area,,,Jema_Ebatiliariro_Grazing_Area,
ND_OS_2,Jema,SJM_GRA3,Jema_Kadari_Kangele_Grazing_Area,,,Jema_Kadari_Kangele_Grazing_Area,
ND_OS_2,Jema,SJM_L,Jema_Village_Lesuda,,,Jema_Village_Lesuda,
,Kenya,KY_M,Kenya_Village_Mahusa,,,Kenya_Village_Mahusa,
ND_OS_2,Jema,SJM_B_R,Jema_River_Baga_River,,,Jema_River_Meets_Baga_River,
ND_OS_2,Jema,SJM_R,Jema_River,,,Jema_River,
ND_OS_2,Jema,SJM_S_SP,Jema_Sugho_Spring,,,Jema_Sugho_Spring,
ND_OS_2,Jema,SJM_K_SP,Jema_Kituri_Spring,,,Jema_Kituri_Spring,
ND_OS_2,Jema,SJM_Sp_1M,Jema_Salt_point,,,Jema_Salt_point_Ngele,
ND_SA_1,Sale,SSA_GRA1,Sale_Grazing_Area_Maribabele,,,Sale_Grazing_Area_Maribabele,
ND_SA_1,Sale,SSA_GRA2,Sale_Grazing_Area_Makirone,,,Sale_Grazing_Area_Makirone,
ND_SA_1,Sale,SSA_GRA3,Sale_Grazing_Area_Kirugurukejero,,,Sale_Grazing_Area_Kirugurukejero,
ND_SA_1,Sale,SSA_GRA4,Sale_Grazing_Area_Nkodonya_Sale,,,Sale_Grazing_Area_Nkodonya_Sale,
ND_SA_1,Sale,SSA_GRA5,Sale_Grazing_Area_Neburi,,,Sale_Grazing_Area_Neburi,
ND_SA_1,Sale,SSA_GRA6,Sale_Grazing_Area_Bijuyia,,,Sale_Grazing_Area_Bijuyia,
ND_SA_1,Sale,SSA_GRA7,Sale_Grazing_Area_Mboghone,,,Sale_Grazing_Area_Mboghone,
ND_SA_1,Sale,SSA_GRA8,Sale_Grazing_Area_Maribaegelo,,,Sale_Grazing_Area_Maribaegelo,
ND_SA_1,Sale,SSA_GRA9,Sale_Grazing_Area_Baghaya,,,Sale_Grazing_Area_Baghaya,
ND_SA_1,Sale,SSA_VP,Sale_Village_Perimeter,,,Sale_Village_centre,
ND_SA_1,Sale,SSA_V,Sale_Village,,,Sale_Village_centre,
ND_SA_1,Sale,SSA_CP,Sale_Crop_waste,,,Sale_Village_centre,
ND_SA_1,Sale,SSA_Ms,Sale_Water_through_1,,,Sale_Water_through_Magonkumu_spring,
ND_SA_1,Sale,SSA_Bs,Sale_Water_through_2,,,Sale_Water_through_Boghe,
ND_SA_1,Sale,SSA_Dm,Sale_Dam,,,Sale_Dam,
ND_SA_1,Sale,SSA_MNs,Sale_Misarane_spring,,,Sale_Misarane_spring,
ND_SA_1,Sale,SSA_Js,Sale_Joro_spring,,,Sale_Joro_spring,
ND_SA_1,Sale,SSA_Sp_1W,Sale_Salt_point,,,Sale_Grazing_Area_Bijuyia,
ND_OR_1,Loliondo,LLD_VP,Loliondo_Village_Perimeter,,,Loliondo_Village_centre,
ND_OR_1,Loliondo,LLD_CP,Loliondo_Crop_waste,,,Loliondo_Village_centre,
ND_OR_1,Loliondo,LLD_Bh,Loliondo_Bore_hole,,,Loliondo_Bore_hole,
ND_OR_3,Sakala,LSK_CP,Sakala_Crop_waste,LSK_FR,,Sakala_Village_centre,
ND_OR_3,Sakala,LSK_VP,Sakala_Village_Perimeter,,,Sakala_Village_centre,
ND_OR_3,Sakala,LSK_WL,Sakala_Wasso_Low_Land_Grazing,,,Sakala_Wasso_Low_Land_Grazing,
ND_OR_3,Sakala,LSK_FR,Sakala_Forest_Reserve,,,Sakala_Forest_Reserve,
ND_OR_3,Sakala,LSK_R,Sakala_River,,,Sakala_River,
ND_OR_3,Sakala,LSK_H1,Sakala_Hill_Olenturuj,,,Sakala_Hill_Olenturuj,
ND_OR_3,Sakala,LSK_H1_Sp,Sakala_Hill_Olenturuj_Water_spring,,,Sakala_Hill_Olenturuj_Water_spring,
ND_OR_3,Sakala,LSK_D,Sakala_Dam,,,Sakala_Dam,
ND_OR_3,Sakala,LSK_WL_Vw,Sakala_Wasso_Low_Land_water,,,Sakala_Wasso_Low_Land_water,
ND_OM_5,Lopulun,LLP_OS,Lopulun_Osero_Grazing_Area_Imasheren,,,Lopulun_Osero_Imasheren,
ND_OM_5,Lopulun,LLP_VP,Lopulun_Village_Perimeter,,,Lopulun_Village_centre,
ND_OM_5,Lopulun,LLP_CP,Lopulun_Crop_waste,,,Lopulun_Village_centre,
ND_OM_5,Lopulun,LLP_OS_Sp,Lopulun_Osero_Salt_point_Ibolionaibor,,,Lopulun_Osero_Imasheren_Ibolionaibor,
ND_OM_5,Lopulun,LLP_OS_Ws,Lopulun_Osero_Imasheren_Water_source,,,Lopulun_Osero_Imasheren_Ibolionaibor,
ND_OM_5,Lopulun,LLP_OS_I,Lopulun_Osero_Ibolionaibor,,,Lopulun_Osero_Imasheren_Ibolionaibor,
ND_OM_5,Lopulun,LLP_AK,Lopulun_Osero_Grazing_Area_Akanda,,,Lopulun_Osero_Akanda,
ND_OM_5,Lopulun,LLP_AK_Ws,Lopulun_Osero_Akanda_Water,,,Lopulun_Osero_Akanda_Water_source,
ND_OM_2,Olorien,LOL_OS,Olorien_Osero,,,Olorien_Osero,
ND_OM_2,Olorien,LOL_OS_1,Olorien_Osero_Iloopilukuni,,,Olorien_Osero_Iloopilukuni,
ND_OM_2,Olorien,LOL_OS_2,Olorien_Osero_Ingotikoshi,,,Olorien_Osero_Ingotikoshi,
ND_OM_2,Olorien,LOL_VP,Olorien_Village_Perimeter,,,Olorien_Village_centre,
ND_OM_2,Olorien,LOL_CP,Olorien_Crop_waste,,,Olorien_Village_centre,
ND_OM_2,Olorien,LOL_RS,Olorien_River_Sariani,,,Olorien_River_Sariani,
ND_OM_2,Olorien,LOL_OS_1_Ws,Olorien_Osero_Iloopilukuni_Water-sources,,,Olorien_Osero_Iloopilukuni_Pololet,
ND_OM_2,Olorien,LOL_OS_2_Ws,Olorien_Osero_Ingotikoshi_Water_sources,,,Olorien_Osero_Ingotikoshi_Pololet,
ND_OM_1,Magaiduru,LMG_VP,Magaiduru_Village_Perimeter,,,Magaiduru_Village_centre,
ND_OM_1,Magaiduru,LMG_CP,Magaiduru_Crop_waste,,,Magaiduru_Village_centre,
ND_OM_1,Magaiduru,LMG_FR,Magaiduru_Forest_reserve,,,Magaiduru_Forest_reserve,
ND_OM_1,Magaiduru,LMG_RE,Magaiduru_River_Esureet,,,Magaiduru_River_Esureet,
ND_OM_1,Magaiduru,LMG_GRA,Magaiduru_Grazing_Area,,,Magaiduru_Grazing_Area_Ngerenyani,
ND_OM_3,Oldonyowas,LOD_VP,Oldonyowas_Village_Perimeter,,,Oldonyowas_Village_centre,
ND_OM_3,Oldonyowas,LOD_CP,Oldonyowas_Crop_waste,,,Oldonyowas_Village_centre,
ND_OM_3,Oldonyowas,LOD_OS,Oldonyowas_Osero_Ngoyapase,,,Oldonyowas_Osero_Ngoyapase,
ND_OM_3,Oldonyowas,LOD_OS_Ws,Oldonyowas_Osero_Ngoyapase_Water_sources,,,Oldonyowas_Osero_Ngoyapase_Water_sources,
ND_OM_3,Oldonyowas,LOD_RL,Oldonyowas_River_Laanganayo,,,Oldonyowas_River_Laanganayo,
ND_OP_1,Oloipiri,LOP_OS_1,Oloipiri_Osero_Iloopilukuni,,,Oloipiri_Osero_Iloopilukuni,
ND_OP_1,Oloipiri,LOP_OS,Oloipiri_Osero,,,Oloipiri_Osero_Iloopilukuni,
ND_OP_1,Oloipiri,LOP_OS_2,Oloipiri_Osero_Esiaiti,,,Oloipiri_Osero_Esiaiti,
ND_OP_1,Oloipiri,LOP_OS_3,Oloipiri_Osero_Naikosia,,,Oloipiri_Osero_Naikosia,
ND_OP_1,Oloipiri,LOP_OS_4,Oloipiri_Osero_Lengusa,,,Oloipiri_Osero_Lengusa,
ND_OP_1,Oloipiri,LOP_OS_5,Oloipiri_Osero_Orkimbai,,,Oloipiri_Osero_Orkimbai_Near_Airstrip,
ND_OP_1,Oloipiri,LOP_VP,Oloipiri_Village_Perimeter,,,Oloipiri_Village_centre,
ND_OP_1,Oloipiri,LOP_CP,Oloipiri_Crop_waste,,,Oloipiri_Village_centre,
ND_OP_1,Oloipiri,LOP_Hs,Oloipiri_Hills,,,Oloipiri_Hills,
ND_OP_1,Oloipiri,LOP_OS_Ws,Oloipiri_Osero_water_sources,,,Oloipiri_Osero_River_Pololet,
ND_OP_1,Oloipiri,LOP_Dp,Oloipiri_Dip,,,Oloipiri_Dip,
ND_OP_1,Oloipiri,LOP_Sp_1W,Oloipiri_Osero_Salt_point_1,,,Oloipiri_Osero_River_Pololet,
ND_OP_1,Oloipiri,LOP_Sp_1M,Oloipiri_Osero_Salt_point_1_1M,,,Oloipiri_Osero_River_Pololet,
ND_OP_1,Oloipiri,LOP_Sp2_1W,Oloipiri_Osero_Salt_point_2,,,Oloipiri_Osero_Esiaiti_Salt_point,
ND_OP_2,Orkuyeine,LOK_OS_E,Orkuyeine_Osero_Engirigiri,,,Orkuyeine_Osero_Engirigiri,
ND_OP_2,Orkuyeine,LOK_GRA,Orkuyeine_Grazing_Area,,,Orkuyeine_Grazing_Area,
ND_OP_2,Orkuyeine,LOK_VP,Orkuyeine_Village_Perimeter,,,Orkuyeine_Village_centre,
ND_OP_2,Orkuyeine,LOK_CP,Orkuyeine_Crop_waste,,,Orkuyeine_Crop_waste,
ND_SS_2,Kirtalo,LKT_V,Kirtalo_Village,,,Kirtalo_Village_centre,
ND_SS_2,Kirtalo,LKT_GRA1,Kirtalo_Osero_Mambarashani,,,Kirtalo_Osero_Mambarashani,
ND_SS_2,Kirtalo,LKT_GRA2,Kirtalo_Osero_Olengusa,,,Kirtalo_Osero_Olengusa,
ND_SS_2,Kirtalo,LKT_GRA3,Kirtalo_Osero_Oloboo,,,Kirtalo_Osero_Oloboo,
ND_SS_2,Kirtalo,LKT_GRA4,Kirtalo_Osero_Ololole,,,Kirtalo_Osero_Ololole,
ND_SS_2,Kirtalo,LKT_GRA5,Kirtalo_Osero_Kilamben,,,Kirtalo_Osero_Kilamben,
ND_SS_2,Kirtalo,LKT_GRA6,Kirtalo_Osero_Olosayee,,,Kirtalo_Osero_Olosayee,
ND_SS_2,Kirtalo,LKT_GRA7,Kirtalo_Osero_Kishoshoro,,,Kirtalo_Osero_Kishoshoro,
ND_SS_2,Kirtalo,LKT_VP,Kirtalo_Village_Perimeter,,,Kirtalo_Village_centre,
ND_SS_2,Kirtalo,LKT_CP,Kirtalo_Crop_waste,,,Kirtalo_Village_centre,
ND_SS_2,Kirtalo,LKT_OS,Kirtalo_Osero,,,Kirtalo_Osero,
,Kenya,KY_V,Kenya_Kirtalo_Soit_sambu,,,Kenya_Kirtalo_Soit_sambu,
,Serengeti_District,SD_V,Serengeti_District_Villages_Kirtalo_Soit_Sambu,,,Serengeti_District_Villages_Kirtalo_Soit_Sambu,
ND_SS_2,Kirtalo,LKT_OS_Ws,Kirtalo_Osero_Water_sources,,,Kirtalo_Osero_River_Pololet,
ND_SS_2,Kirtalo,LKT_Sp_1W,Kirtalo_Osero_Salt_point_1W,,,Kirtalo_Osero_River_Pololet,
ND_SS_2,Kirtalo,LKT_GRA8,Kirtalo_Grazing_Area_Karkamoru,,,Kirtalo_Grazing_Area_Karkamoru,
ND_SS_2,Kirtalo,LKT_Sp_1M,Kirtalo_Osero_Salt_point_1M,,,Kirtalo_Osero_River_Pololet,
ND_SS_1,Soit sambu,LSS_OS,Soit sambu_Osero,,,Soit sambu_Osero_Naikosia,
ND_SS_1,Soit sambu,LSS_OS_S,Soit sambu_Osero_Silabi,,,Soit sambu_Osero_Silabi,
ND_SS_1,Soit sambu,LSS_CP,Soit sambu_Crop_waste,,,Soit sambu_Village_centre,
ND_SS_1,Soit sambu,LSS_VP,Soit sambu_Village_Perimeter,,,Soit sambu_Village_centre,
ND_SS_1,Soit sambu,LSS_OS_Ws,Soit sambu_Osero_water_sources,,,Soit sambu_Osero_River_Pololet,
ND_OL_1,Ololosokwan,LOS_OS,Ololosokwan_Osero,,,Ololosokwan_Osero,
ND_OL_1,Ololosokwan,LOS_OS_Ws,Ololosokwan_Osero_water_sources,,,Ololosokwan_Osero_water_sources,
ND_OL_1,Ololosokwan,LOS_VP,Ololosokwan_Village_Perimeter,,,Ololosokwan_Village_centre,
ND_OL_1,Ololosokwan,LOS_OS_W,Ololosokwan_Osero_wet_season_Grazing_Area,,,Ololosokwan_Osero_wet_season_Grazing_Area,
ND_OL_1,Ololosokwan,LOS_CP,Ololosokwan_Crop_waste,,,Ololosokwan_Village_centre,
ND_OL_1,Ololosokwan,LOS_R1,Ololosokwan_River_Ololosokwan,,,Ololosokwan_River_Ololosokwan,
ND_OL_1,Ololosokwan,LOS_R2,Ololosokwan_River_Looimong,,,Ololosokwan_River_Looimong,
ND_OL_1,Ololosokwan,LOS_R3,Ololosokwan_River_Leenet,,,Ololosokwan_River_Leenet,
ND_OL_1,Ololosokwan,LOS_R4,Ololosokwan_River_Egoongnairowa,,,Ololosokwan_River_Egoongnairowa,
ND_OL_1,Ololosokwan,LOS_R5,Ololosokwan_River_Endingitin,,,Ololosokwan_River_Endingitin,
ND_OL_1,Ololosokwan,LOS_Sp2_1W,Ololosokwan_Salt_point_Silio,,,Ololosokwan_Salt_point_Silio,
ND_OL_1,Ololosokwan,LOS_Sp1_1W,Ololosokwan__Salt_point_Oltigomi,,,Ololosokwan__Salt_point_Oltigomi,
ND_OL_1,Ololosokwan,LOS_Dp_1W,Ololosokwan_Dip,,,Ololosokwan_Dip,
ND_OL_2,Njoroi,LNJ_VP,Njoroi_Village_Perimeter,,,Njoroi_Village_centre,
ND_OL_2,Njoroi,LNJ_CP,Njoroi_Crop_waste,,,Njoroi_Village_centre,
ND_OL_2,Njoroi,LNJ_Bh,Njoroi_Bore_hole,,,Njoroi_Bore_hole,
ND_OL_2,Njoroi,LNJ_GRA,Njoroi_GRA,,,Njoroi_GRA_Olekinoka,
ND_OL_2,Njoroi,LNJ_Sp_1W,Njoroi_Salt_point_Olekinoka,,,Njoroi_Salt_point_Olekinoka,
SD,Serengeti_District,SD_RB_V,Serengeti_District_Robanda,,,Serengeti_District_Robanda,
SD,Serengeti_District,SD_NT,Serengeti_District_Natta,,,Serengeti_District_Natta,
SD,Serengeti_District,SD_MI_V,Serengeti_District_Misseke,,,Serengeti_District_Misseke,
SD,Serengeti_District,SD_PN_V,Serengeti_District_Park_Nyigoti,,,Serengeti_District_Park_Nyigoti,
SD,National_Park,NP_OS,National_Park_Osero,,,National_Park_Osero,
SD,National_Park,NP_OS_RE,National_Park_Osero_River_Emuguru,,,National_Park_Osero_River_Emuguru,
ND_OM_4,Wasso,LWS_VP,Wasso_Village_Perimeter,,,Wasso_Village_Perimeter,
ND_OM_4,Wasso,LWS_CP,Wasso_Crop_waste,,,Wasso_Crop_waste,
ND_OM_4,Wasso,LWS_GRA,Wasso_Grazing_Area_Ang'atakeri,,,Wasso_Grazing_Area_Ang'atakeri,
ND_OM_4,Wasso,LWS_R,Wasso_River,,,Wasso_River,
ND_OM_4,Wasso,LWS_Sp_1W,Wasso_Salt_point,,,Wasso_Salt_point,
ND_ES_2,Ng'arwa,LNW_GRA2,Ng'arwa_Grazing_Area_Oloombibili,,,Ng'arwa_Grazing_Area_Oloombibili,
ND_ES_2,Ng'arwa,LNW_GRA4,Ng'arwa_Grazing_Area_Olenapi,,,Ng'arwa_Grazing_Area_Olenapi,
ND_ES_2,Ng'arwa,LNW_GRA1,Ng'arwa_Grazing_Area_Engomani,,,Ng'arwa_Grazing_Area_Engomani,
ND_ES_2,Ng'arwa,LNW_GRA3,Ng'arwa_Grazing_Area_Olosomodiok,,,Ng'arwa_Grazing_Area_Olosomodiok,
ND_ES_2,Ng'arwa,LNW_GRA5,Ng'arwa_Grazing_Area_Alaariak,,,Ng'arwa_Grazing_Area_Alaariak,
ND_ES_2,Ng'arwa,LNW_VP,Ng'arwa_Village_Perimeter,,,Ng'arwa_Village_centre,
ND_ES_2,Ng'arwa,LNW_CP,Ng'arwa_Crop_waste,,,Ng'arwa_Village_centre,
ND_ES_2,Ng'arwa,LNW_R1,Ng'arwa_River_Esureet,,,Ng'arwa_River_Esureet,
ND_ES_2,Ng'arwa,LNW_R2,Ng'arwa_River_Okereyan,,,Ng'arwa_River_Okereyan,
ND_ES_2,Ng'arwa,LNW_R3,Ng'arwa_River_Sangulunhu,,,Ng'arwa_River_Sangulunhu,
ND_ES_2,Ng'arwa,LNW_R4,Ng'arwa_River_Omariko,,,Ng'arwa_River_Omariko,
ND_ES_1,Engusero Sambo,LES_GRA1,Engusero_Sambo_Grazing_Area_Kiritugum,,,Engusero_Sambo_Grazing_Area_Kiritugum,
ND_ES_1,Engusero Sambo,LES_GRA2,Engusero_Sambo_Grazing_Area_King'aran,,,Engusero_Sambo_Grazing_Area_King'aran,
ND_ES_1,Engusero Sambo,LES_GRA3,Engusero_Sambo_Grazing_Area_Oloongoitoyi,,,Engusero_Sambo_Grazing_Area_Oloongoitoyi,
ND_ES_1,Engusero Sambo,LES_GRA4,Engusero_Sambo_Grazing_Area_Olengeta,,,Engusero_Sambo_Grazing_Area_Olengeta,
ND_ES_1,Engusero Sambo,LES_GRA5,Engusero_Sambo_Grazing_Area_Olosomodiok,,,Engusero_Sambo_Grazing_Area_Olosomodiok,
ND_ES_1,Engusero Sambo,LES_GRA6,Engusero_Sambo_Grazing_Area_Oloomongin,,,Engusero_Sambo_Grazing_Area_Oloomongin,
ND_ES_1,Engusero Sambo,LES_GRA7,Engusero_Sambo_Grazing_Area_Oloosuyan,,,Engusero_Sambo_Grazing_Area_Oloosuyan,
ND_ES_1,Engusero Sambo,LES_GRA8,Engusero_Sambo_Grazing_Area_Shapindurukwa,,,Engusero_Sambo_Grazing_Area_Shapindurukwa,
ND_ES_1,Engusero Sambo,LES_GRA9,Engusero_Sambo_Grazing_Area_Iloshon,,,Engusero_Sambo_Grazing_Area_Iloshon,
ND_ES_1,Engusero Sambo,LES_GRA10,Engusero_Sambo_Grazing_Isupukia,,,Engusero_Sambo_Grazing_Isupukia,
ND_ES_1,Engusero Sambo,LES_GRA11,Engusero_Sambo_Grazing_Masundu,,,Engusero_Sambo_Grazing_Masundu,
ND_ES_1,Engusero Sambo,LES_CP,Engusero_Sambu_Crop_waste,,,Engusero_Village_centre,
ND_ES_1,Engusero Sambo,LES_R1,Engusero_Sambu_River_Ormaniko,,,Engusero_River_Ormaniko,
ND_ES_1,Engusero Sambo,LES_R2,Engusero_Sambu_River_Kiyarana,,,Engusero_River_Kiyarana,
ND_ES_1,Engusero Sambo,LES_D,Engusero_Sambu_River_Osilange_Dam,,,Engusero_River_Osilange_Dam,
ND_ES_1,Engusero Sambo,LES_VP,Engusero_Sambu_Village_Perimeter,,,Engusero_Village_centre,
,Kenya,KY_VE,Kenya_Village_Endasikira,,,Kenya_Village_Endasikira,
NP,National_Park,NP_OS,National_Park_Osero,,,National_Park_Osero,
ND_ES_4,Orkiu juu,LOJ_GRA1,Orkiu_juu_Grazing_Area_Indondoli,,,Orkiu_juu_Grazing_Area_Indondoli,
ND_ES_4,Orkiu juu,LOJ_GRA2,Orkiu_juu_Grazing_Area_Eretete,,,Orkiu_juu_Grazing_Area_Eretete,
ND_ES_4,Orkiu juu,LOJ_GRA3,Orkiu_juu_Grazing_Area_Imsaakwani,,,Orkiu_juu_Grazing_Area_Imsaakwani,
ND_ES_4,Orkiu juu,LOJ_VP,Orkiu_juu_Village_Perimeter,,,Orkiu_juu_Village_centre,
ND_ES_4,Orkiu juu,LOJ_CP,Orkiu_juu_Crop_waste,,,Orkiu_juu_Village_centre,
ND_ES_4,Orkiu juu,LOJ_R1,Orkiu_juu_Spring_Irtendei,,,Orkiu_juu_Spring_Irtendei,
ND_ES_4,Orkiu juu,LOJ_R2,Orkiu_juu_Spring_Alaimurunyai,,,Orkiu_juu_Spring_Alaimurunyai,
ND_ES_4,Orkiu juu,LOJ_R3,Orkiu_juu_Spring_Olpiron,,,Orkiu_juu_Spring_Olpiron,
ND_ES_4,Orkiu juu,LOJ_R4,Orkiu_juu_Spring_Olchoro,,,Orkiu_juu_Spring_Olchoro,
ND_ES_4,Orkiu juu,LOJ_R5,Orkiu_juu_Spring_Alaandare,,,Orkiu_juu_Spring_Alaandare,
ND_ES_4,Orkiu juu,LOJ_R6,Orkiu_juu_Spring_Oloondisi,,,Orkiu_juu_Spring_Oloondisi,
ND_ES_4,Orkiu juu,LOJ_R7,Orkiu_juu_Spring_Kingarana,,,Orkiu_juu_Spring_Kingarana,
ND_OR_2,Orkiu Chini,LOC_GRA1,Orkiu _Chini_Olchamba,,,Orkiu _Chini_Olchamba,
ND_OR_2,Orkiu Chini,LOC_GRA2,Orkiu _Chini_Orangai,,,Orkiu _Chini_Orangai,
ND_OR_2,Orkiu Chini,LOC_GRA3,Orkiu _Chini_Okisima,,,Orkiu _Chini_Okisima,
ND_OR_2,Orkiu Chini,LOC_GRA4,Orkiu _Chini_Irkutot,,,Orkiu _Chini_Irkutot,
ND_OR_2,Orkiu Chini,LOC_GRA5,Orkiu _Chini_Ologuleroi,,,Orkiu _Chini_Ologuleroi,
ND_OR_2,Orkiu Chini,LOC_VP,Orkiu _Chini_Village_Perimeter,,,Orkiu _Chini_Village_centre,
ND_OR_2,Orkiu Chini,LOC_CP,Orkiu _Chini_Crop_waste,,,Orkiu _Chini_Village_centre,
ND_OR_2,Orkiu Chini,LOC_R1,Orkiu _Chini_River_Kisamisi,,,Orkiu _Chini_River_Kisamisi,
ND_MA_1,Maaloni,LMA_GRA,Maaloni_Grazing_Area,,,Maaloni_Grazing_Area,
ND_MA_1,Maaloni,LMA_V,Maaloni_Village,,,Maaloni_Village_centre,
ND_MA_1,Maaloni,LMA_H3,Maaloni_Hill_Engutoto,,,Maaloni_Hill_Engutoto,
ND_MA_1,Maaloni,LMA_H2,Maaloni_Hill_Olokoromwa,,,Maaloni_Hill_Olokoromwa,
ND_MA_1,Maaloni,LMA_H1,Maaloni_Hill_Okereyan,,,Maaloni_Hill_Okereyan,
ND_MA_1,Maaloni,LMA_FR,Maaloni_Forest_reserve,,,Maaloni_Forest_reserve,
ND_MA_1,Maaloni,LMA_OS_1,Maaloni_Osero_Kutinja,,,Maaloni_Osero_Kutinja,
ND_MA_1,Maaloni,LMA_OS_2,Maaloni_Osero_Ngotikoshi,,,Maaloni_Osero_Ngotikoshi,
ND_MA_1,Maaloni,LMA_OS_3,Maaloni_Osero_Olochoki,,,Maaloni_Osero_Olochoki,
ND_MA_1,Maaloni,LMA_OS_4,Maaloni_Osero_Omungushi,,,Maaloni_Osero_Omungushi,
ND_MA_1,Maaloni,LMA_OS_Sp,Maaloni_Osero_Salt_point_Omungushi,,,Maaloni_Osero_Omungushi,
ND_MA_1,Maaloni,LMA_CP,Maaloni_Crop_waste,,,Maaloni_Village_centre,
ND_MA_1,Maaloni,LMA_OS,Maaloni_Osero,,,Maaloni_Osero,
ND_MA_1,Maaloni,LMA_Sp_1W,Maaloni_Salt_point,,,Maaloni_Bore_hole_Aparimaroj,
ND_MA_1,Maaloni,LMA_Bh1,Maaloni_Bore_hole_Aparimaroj,,,Maaloni_Bore_hole_Aparimaroj,
ND_MA_1,Maaloni,LMA_Bh2,Maaloni_Bore_hole_Okereyan,,,Maaloni_Bore_hole_Okereyan,
ND_MA_1,Maaloni,LMA_Bh3,Maaloni_Bore_hole_Omungushi,,,Maaloni_Bore_hole_Omungushi,
ND_MA_1,Maaloni,LMA_Bh4,Maaloni_Bore_hole_Emuguri,,,Maaloni_Bore_hole_Emuguri,
ND_MA_1,Maaloni,LMA_OS_Ws,Maaloni_Osero_Water_sources,,,Maaloni_Osero,
ND_MA_1,Maaloni,LMA_VP,Maaloni_Village_Perimeter,,,Maaloni_Village_centre,
ND_MA_4,Loswashi,LLW_OS,Loswashi_Osero_Olemaanda,,,Loswashi_Osero_Olemaanda,
ND_MA_4,Loswashi,LLW_GRA1,Loswashi_Grazing_Area_Olooruga,,,Loswashi_Grazing_Area_Olooruga,
ND_MA_4,Loswashi,LLW_GRA2,Loswashi_Grazing_Area_Oloosirwai,,,Loswashi_Grazing_Area_Oloosirwai,
ND_MA_4,Loswashi,LLW_GRA3,Loswashi_Grazing_Area_Olooturoj,,,Loswashi_Grazing_Area_Olooturoj,
ND_MA_4,Loswashi,LLW_GRA4,Loswashi_Grazing_Area_Kipambi,,,Loswashi_Grazing_Area_Kipambi,
ND_MA_4,Loswashi,LLW_CP,Loswashi_Crop_waste,,,Loswasi_Village_centre,
ND_MA_4,Loswashi,LLW_Bh1,Loswasi_Bore_hole_Ngayayam,,,Loswasi_Bore_hole_Ngayayam,
ND_MA_4,Loswashi,LLW_Bh2,Loswasi_Bore_hole_Embiririk,,,Loswasi_Bore_hole_Embiririk,
ND_MA_4,Loswashi,LLW_RA,Loswasi_River_Aparimaroy,,,Loswasi_River_Aparimaroy,
ND_MA_4,Loswashi,LLW_VP,Loswasi_Village_Perimeter,,,Loswasi_Village_centre,
ND_MA_2,Losoito,LLS_AK,Losoito_Grazing_Area_Anghatakeri,,,Losoito_Grazing_Area_Anghatakeri,
ND_MA_2,Losoito,LLS_GRA1,Losoito_Grazing_Area_Nesinoni,,,Losoito_Grazing_Area_Nesinoni,
ND_MA_2,Losoito,LLS_GRA2,Losoito_Grazing_Area_Omotiani,,,Losoito_Grazing_Area_Omotiani,
ND_MA_2,Losoito,LLS_GRA3,Losoito_Grazing_Area_Alamanera,,,Losoito_Grazing_Area_Alamanera,
ND_MA_2,Losoito,LLS_Hs,Losoito_Hills,,,Losoito_Hills,
ND_MA_2,Losoito,LLS_GRA4,Losoito_Grazing_Area_Alalaanarok,,,Losoito_Grazing_Area_Alalaanarok,
ND_MA_2,Losoito,LLS_OS_1,Losoito_Osero_Enaiborsoit,,,Losoito_Osero_Enaiborsoit,
ND_MA_2,Losoito,LLS_OS_2,Losoito_Osero_Wargus,,,Losoito_Osero_Wargus,
ND_MA_2,Losoito,LLS_OS_3,Losoito_Osero_Mao,,,Losoito_Osero_Mao,
ND_MA_2,Losoito,LLS_OS_4,Losoito_Osero_Kutingia,,,Losoito_Osero_Kutingia,
ND_MA_2,Losoito,LLS_OS_5,Losoito_Osero_Ngimatuni,,,Losoito_Osero_Ngimatuni,
ND_MA_2,Losoito,LLS_OS_6,Losoito_Osero_Olepolosi,,,Losoito_Osero_Olepolosi,
ND_MA_2,Losoito,LLS_OS,Losoito_Osero_Olchoiroibo,,,Losoito_Osero_Olchoiroibo,
ND_MA_2,Losoito,LLS_VP,Losoito_Village_Perimeter,,,Losoito_Village_centre,
ND_MA_2,Losoito,LLS_CP,Losoito_Crop_waste,,,Losoito_Village_centre,
ND_MA_2,Losoito,LLS_OS_Ws,Losoito_Osero_Water_sources,,,Losoito_Osero_Water_Olchoroibo,
ND_MA_2,Losoito,LLS_Pm,Losoito_Machine_pump,,,Losoito_Machine_pump,
ND_MA_2,Losoito,LLS_R1,Loisoito_River_Laanganayo,,,Loisoito_River_Laanganayo,
ND_MA_2,Losoito,LLS_OS_7,Losoito_Osero_Olochoki,,,Losoito_Osero_Olochoki,
ND_MA_2,Losoito,LLS_R2,Loisoito_River_Esukuroi,,,Loisoito_River_Esukuroi,
ND_MA_2,Losoito,LLS_Bh1,Loisoito_Bore_hole_Ingishirititi,,,Loisoito_Bore_hole_Ingishirititi,
ND_MA_2,Losoito,LLS_Bh2,Loisoito_Bore_hole_Olelenian,,,Loisoito_Bore_hole_Olelenian,
ND_MA_2,Losoito,LLS_D,Loisoito_Dam,,,Loisoito_Dam_Esilanga,
ND_MA_2,Losoito,LLS_OS_Sp_1W,Loisoito_Salt_point,,,Loisoito_Salt_point_Olchoroibo,
ND_MA_3,Ngobureti,LNG_OS,Ngobereti_Osero,,,Ngobereti_Osero,
ND_MA_3,Ngobureti,LNG_Ws,Ngobereti_Osero_water_sources,,,Ngobereti_Osero_water_sources,
ND_MA_3,Ngobureti,LNG_OS_1,Ngobereti_Osero_Engarooj,,,Ngobereti_Osero_Engarooj,
ND_MA_3,Ngobureti,LNG_GRA1,Ngobureti_Grazing_Area_Embiririki,,,Ngobureti_Grazing_Area_Embiririki,
ND_MA_3,Ngobureti,LNG_GRA2,Ngobureti_Grazing_Area_Esekenja,,,Ngobureti_Grazing_Area_Esekenja,
ND_MA_3,Ngobureti,LNG_GRA3,Ngobureti_Grazing_Area_Olesilalainagoi,,,Ngobureti_Grazing_Area_Olesilalainagoi,
ND_MA_3,Ngobureti,LNG_GRA4,Ngobureti_Grazing_Area_Alangarooj,,,Ngobureti_Grazing_Area_Alangarooj,
ND_MA_3,Ngobureti,LNG_OS_2,Ngobereti_Osero_Olopirik,,,Ngobereti_Osero_Olopirik,
ND_MA_3,Ngobureti,LNG_OS_3,Ngobereti_Osero_Enaibosoit,,,Ngobereti_Osero_Enaibosoit,
ND_MA_3,Ngobureti,LNG_OS_4,Ngobereti_Osero_Olesendu,,,Ngobereti_Osero_Olesendu,
ND_MA_3,Ngobureti,LNG_OS_5,Ngobereti_Osero_Sirikoit,,,Ngobereti_Osero_Sirikoit,
ND_MA_3,Ngobureti,LNG_OS_6,Ngobereti_Osero_Olekushin,,,Ngobereti_Osero_Olekushin,
ND_MA_3,Ngobureti,LNG_R1,Ngobereti_River_Embirikiri,,,Ngobereti_River_Embirikiri,
ND_MA_3,Ngobureti,LNG_R2,Ngobereti_River_Alamanira,,,Ngobereti_River_Alamanira,
ND_MA_3,Ngobureti,LNG_R3,Ngobereti_River_Engisurititi,,,Ngobereti_River_Engisurititi,
ND_MA_3,Ngobureti,LNG_Pm,Ngobereti_Machine_pump,,,Ngobereti_Machine_pump_Asambuke,
ND_MA_3,Ngobureti,LNG_Bh,Ngobereti_Bore_hole,,,Ngobereti_Bore_hole_Noongeek,
ND_MA_3,Ngobureti,LNG_VP,Ngobereti_Village_Perimeter,,,Ngobereti_Village_centre,
ND_MA_3,Ngobureti,LNG_CP,Ngobereti_Crop_waste,,,Ngobereti_Village_centre,
ND_AS_1,Arashi,LAR_Hs,Arashi_Hills,,,Arashi_Hills_Engutoto,
ND_AS_1,Arashi,LAR_H1,Arashi_Hill_Engutoto,,,Arashi_Hills_Engutoto_2,
ND_AS_1,Arashi,LAR_VP,Arashi_Villagr_Perimeter,,,Arashi_Villagr_centre,
ND_AS_1,Arashi,LAR_CP,Arashi_Crop_waste,,,Arashi_Villagr_centre,
ND_AS_1,Arashi,LAR_OS_1,Arashi_Osero_Idupa,,,Arashi_Osero_Idupa,
ND_AS_1,Arashi,LAR_OS_2,Arashi_Osero_Imollolian,,,Arashi_Osero_Imollolian,
ND_AS_1,Arashi,LAR_OS_3,Arashi_Osero_Alamaana,,,Arashi_Osero_Alamaana,
ND_AS_1,Arashi,LAR_OS_4,Arashi_Osero_Ngoroi,,,Arashi_Osero_Ngoroi,
ND_AS_1,Arashi,LAR_OS_5,Arashi_Osero_Sindin,,,Arashi_Osero_Sindin,
ND_AS_1,Arashi,LAR_OS_6,Arashi_Osero_Edariroi,,,Arashi_Osero_Edariroi,
ND_AS_1,Arashi,LAR_RA,Arashi_River_Alamaana,,,Arashi_River_Alamaana,
ND_AS_1,Arashi,LAR_R,Arashi_River,,,Arashi_River,
ND_AS_1,Arashi,LAR_RI,Arashi_River_Imollolian,,,Arashi_River_Imollolian,
ND_AS_1,Arashi,LAR_Sp1,Arashi_Salt_point_Oluai,,,Arashi_Salt_point_Oluai,
ND_AS_1,Arashi,LAR_Sp2,Arashi_Salt_point_Imollolian,,,Arashi_Salt_point_Imollolian,
ND_AS_1,Arashi,LAR_Sp3,Arashi_Salt_point_Alamaana,,,Arashi_Salt_point_Alamaana,
ND_AS_1,Arashi,LAR_Sp4,Arashi_Salt_point_Naimariri,,,Arashi_Salt_point_Naimariri,
ND_AS_1,Arashi,LAR_V_OS,Arashi_Villages,,,Arashi_Villages_Arashi,
ND_AS_2,Ormane,LOR_OS_1,Ormane_Osero_Olembuya,,,Ormane_Osero_Olembuya,
ND_AS_2,Ormane,LOR_OS_2,Ormane_Osero_Oldonyoorok,,,Ormane_Osero_Oldonyoorok,
ND_AS_2,Ormane,LOR_GRA1,Ormane_Grazing_Area_Miton,,,Ormane_Grazing_Area_Miton,
ND_AS_2,Ormane,LOR_GRA2,Ormane_Grazing_Area_Olookunono,,,Ormane_Grazing_Area_Olookunono,
ND_AS_2,Ormane,LOR_GRA3,Ormane_Grazing_Area_Lodia,,,Ormane_Grazing_Area_Lodia,
ND_AS_2,Ormane,LOR_GRA4,Ormane_Grazing_Area_Ileleoni,,,Ormane_Grazing_Area_Ileleoni,
ND_AS_2,Ormane,LOR_GRA5,Ormane_Grazing_Area_Isoitooyaya,,,Ormane_Grazing_Area_Isoitooyaya,
ND_AS_2,Ormane,LOR_RE,Ormane_River_Enaudo,,,Ormane_River_Enaudo,
ND_AS_2,Ormane,LOR_RS,Ormane_River_Sinjapi,,,Ormane_River_Sinjapi,
ND_AS_2,Ormane,LOR_RI,Ormane_River_Ipurijopiji,,,Ormane_River_Ipurijopiji,
ND_AS_2,Ormane,LOR_Sp1,Ormane_Salt_point_Enaudo,,,Ormane_River_Enaudo,
ND_AS_2,Ormane,LOR_Sp2,Ormane_Salt_point_Sinjapi,,,Ormane_River_Sinjapi,
ND_AS_2,Ormane,LOR_OS_3,Ormane_Osero_Imollolian,,,Ormane_Osero_Imollolian,
ND_AS_2,Ormane,LOR_OS_4,Ormane_Osero_Alamaana,,,Ormane_Osero_Alamaana,
ND_AS_2,Ormane,LOR_Sp3,Ormane_Salt_point_Olembuya,,,Ormane_Osero_Olembuya,
ND_AS_4,Mbukeni,LMK_VP,Mbukeni_Village_Perimeter,,,Mbukeni_Village_centre,
ND_AS_4,Mbukeni,LMK_GRA1,Mbukeni_Grazing_Area_Lemeen,,,Mbukeni_Grazing_Area_Leminen,
ND_AS_4,Mbukeni,LMK_GRA2,Mbukeni_Grazing_Area_Lekuruki,,,Mbukeni_Grazing_Area_Lekuruki,
ND_AS_4,Mbukeni,LMK_GRA3,Mbukeni_Grazing_Area_Murandawa,,,Mbukeni_Grazing_Area_Murandawa,
ND_AS_4,Mbukeni,LMK_OS,Mbukeni_Osero_Naibosoit,,,Mbukeni_Osero_Naibosoit,
ND_AS_4,Mbukeni,LMK_RN,Mbukeni_River_Ngomani,,,Mbukeni_River_Ngomani,
ND_AS_4,Mbukeni,LMK_Sp,Mbukeni_Salt_point,,,Mbukeni_Salt_point,
ND_AS_4,Mbukeni,LMK_OS_1,Mbukeni_Osero_Lengijape,,,Mbukeni_Osero_Lengijape,
ND_AS_3,Olala,LOA_GRA1,Olala_Grazing_Area_Oloronjo,,,Olala_Grazing_Area_Oloronjo,
ND_AS_3,Olala,LOA_GRA2,Olala_Grazing_Area_Kisokon,,,Olala_Grazing_Area_Kisokon,
ND_AS_3,Olala,LOA_GRA3,Olala_Grazing_Area_Olekandani,,,Olala_Grazing_Area_Olekandani,
ND_AS_3,Olala,LOA_GRA4,Olala_Grazing_Area_Engoilalai,,,Olala_Grazing_Area_Engoilalai,
ND_AS_3,Olala,LOA_GRA5,Olala_Grazing_Area_Isiraeni,,,Olala_Grazing_Area_Isiraeni,
ND_AS_3,Olala,LOA_R3,Olala_River_Ngariapusi,,,Olala_River_Ngariapusi,
ND_AS_3,Olala,LOA_R1,Olala_River,,,Olala_River,
ND_AS_3,Olala,LOA_R2,Olala_River_Loyangalan,,,Olala_River_Loyangalan,
ND_AS_3,Olala,LOA_R4,Olala_River_Isukulan,,,Olala_River_Isukulan,
ND_AS_3,Olala,LOA_Sp1,Olala_Salt_point,,,Olala_Salt_point_Noosukutai,
ND_AS_3,Olala,LOA_VP,Olala_Village_Perimeter,,,Olala_Village_Perimeter,
ND_PY_2,Kesile,LKS_OS,Kesile_Osero_Olemuta,,,Kesile_Osero_Olemuta,
,,NCA_ED,NCA_Endulen_Olduvai,,,NCA_Endulen_Olduvai,
,,NCA_OB,NCA_Obalbal,,,NCA_Obalbal,
ND_PY_2,Kesile,LKS_GRA1,Kesile_Grazing_Area_Esilalei,,,Kesile_Grazing_Area_Esilalei,
ND_PY_2,Kesile,LKS_GRA2,Kesile_Grazing_Area_Ng'erere,,,Kesile_Grazing_Area_Ng'erere,
ND_PY_2,Kesile,LKS_GRA3,Kesile_Grazing_Area_Losinoni,,,Kesile_Grazing_Area_Losinoni,
ND_PY_2,Kesile,LKS_GRA4,Kesile_Grazing_Area_Odiang'angar,,,Kesile_Grazing_Area_Odiang'angar,
ND_PY_2,Kesile,LKS_GRA5,Kesile_Grazing_Area_Kesile,,,Kesile_Grazing_Area_Kesile,
ND_PY_3,Kesile,LKS_GRA6,Kesile_Grazing_Area_Nasirarock,,,Kesile_Grazing_Area_Nasirarock,
ND_PY_4,Kesile,LKS_GRA7,Kesile_Grazing_Area_Mrandawa,,,Kesile_Grazing_Area_Mrandawa,
ND_PY_5,Kesile,LKS_GRA8,Kesile_Grazing_Area_Emugur_Orkine,,,Kesile_Grazing_Area_Emugur_Orkine,
ND_PY_2,Kesile,LKS_R1,Kesile_River_Iturot,,,Kesile_River_Iturot,
ND_PY_2,Kesile,LKS_R2,Kesile_River_Emotiok,,,Kesile_River_Emotiok,
ND_PY_2,Kesile,LKS_Pm,Kesile_Machine_pump,,,Kesile_Machine_pump,
ND_PY_2,Kesile,NCA_ED_Ws,NCA_Endulen_Olduvai_water_sources,,,NCA_Endulen_Olduvai_water_sources,
ND_PY_2,Kesile,LKS_Sp1,Kesile_Salt_point_Iturot,,,Kesile_Salt_point_Iturot,
ND_PY_2,Kesile,LKS_Sp2,Kesile_Salt_point_Emotiok,,,Kesile_Salt_point_Emotiok,
ND_PY_1,Piyaya,LPY_GRA1,Piyaya_Grazing_Area_Iseringetuni,,,Piyaya_Grazing_Area_Iseringetuni,
ND_PY_1,Piyaya,LPY_GRA2,Piyaya_Grazing_Area_Oloololo,,,Piyaya_Grazing_Area_Oloololo,
ND_PY_1,Piyaya,LPY_GRA3,Piyaya_Grazing_Area_Olopirik,,,Piyaya_Grazing_Area_Olopirik,
ND_PY_1,Piyaya,LPY_GRA4,Piyaya_Grazing_Area_Engorika,,,Piyaya_Grazing_Area_Engorika,
ND_PY_1,Piyaya,LPY_GRA5,Piyaya_Grazing_Area_Ingutot,,,Piyaya_Grazing_Area_Ingutot,
ND_PY_1,Piyaya,LPY_GRA6,Piyaya_Grazing_Area_Opopong',,,Piyaya_Grazing_Area_Opopong',
ND_PY_1,Piyaya,LPY_GRA7,Piyaya_Grazing_Area_Olepolosi,,,Piyaya_Grazing_Area_Olepolosi,
ND_PY_1,Piyaya,LPY_OS_2,Piyaya_Osero_Amakun,,,Piyaya_Osero_Amakun,
ND_PY_1,Piyaya,LPY_OS_1,Piyaya_Osero_Isoitokooyaya,,,Piyaya_Osero_Isoitokooyaya,
ND_PY_1,Piyaya,LPY_R1,Piyaya_River_Oloosukulan,,,Piyaya_River_Oloosukulan,
ND_PY_1,Piyaya,LPY_R2,Piyaya_River_Iladoru,,,Piyaya_River_Iladoru,
ND_PY_1,Piyaya,LPY_R3,Piyaya_River_Naikishoni,,,Piyaya_River_Naikishoni,
ND_PY_1,Piyaya,LPY_R4,Piyaya_River_Ondogom,,,Piyaya_River_Ondogom,
ND_PY_1,Piyaya,LPY_R5,Piyaya_River_Naangabobok,,,Piyaya_River_Naangabobok,
ND_PY_1,Piyaya,LPY_R6,Piyaya_River_Osukunwa,,,Piyaya_River_Osukunwa,
ND_PY_1,Piyaya,LPY_R7,Piyaya_River_Ikubanyi,,,Piyaya_River_Ikubanyi,
ND_PY_1,Piyaya,LPY_OS_Ws,Piyaya_Osero_Amakun,,,Piyaya_Osero_Amakun,
ND_PY_1,Piyaya,LPY_Sp1,Piyaya_Salt_point_Oloosukulan,,,Piyaya_Salt_point_Oloosukulan,
ND_PY_1,Piyaya,LPY_Sp2,Piyaya_Salt_point_Iladoru,,,Piyaya_Salt_point_Iladoru,
ND_PY_1,Piyaya,LPY_Sp3,Piyaya_Salt_point_Naikishoni,,,Piyaya_Salt_point_Naikishoni,
ND_PY_1,Piyaya,LPY_Dp,Piyaya_Dip_crush,,,Piyaya_Dip_crush,
ND_PY_1,Piyaya,LPY_OS_3,Piyaya_Osero_Oltogum,,,Piyaya_Osero_Oltogum,
ND_PY_1,Piyaya,LPY_VP,Piyaya_Village_Perimeter,,,Piyaya_Village_centre,
ND_ML_1,Malambo,LMB_H1,Malambo_Hill_Masoniki,,,Malambo_Hill_Masoniki,
ND_ML_1,Malambo,LMB_V,Malambo_Village,,,Malambo_Village,
ND_ML_1,Malambo,LMB_OS,Malambo_Osero,,,Malambo_Osero_Okerian,
ND_ML_1,Malambo,LMB_R1,Malambo_River_Ngabolo,,,Malambo_River_Ngabolo,
ND_ML_1,Malambo,LMB_R2,Malambo_River_Esemendo,,,Malambo_River_Esemendo,
ND_ML_1,Malambo,LMB_R3,Malambo_River_Esanjan,,,Malambo_River_Esanjan,
ND_ML_1,Malambo,LMB_Wm,Malambo_Swam_water,,,Malambo_Swam_water,
ND_ML_1,Malambo,LMB_Sp,Malambo_Salt_point,,,Malambo_River_Esanjan,
ND_ML_1,Malambo,LMB_GRA1,Malambo_Grazing_Area_Oserorangai,,,Malambo_Grazing_Area_Oserorangai,
ND_ML_1,Malambo,LMB_GRA2,Malambo_Grazing_Area_Engutok_Endim,,,Malambo_Grazing_Area_Engutok_Endim,
ND_ML_1,Malambo,LMB_GRA3,Malambo_Grazing_Area_Malambo,,,Malambo_Grazing_Area_Malambo,
ND_ML_1,Malambo,LMB_GRA4,Malambo_Grazing_Area_Musurmuni_A&B,,,Malambo_Grazing_Area_Musurmuni_A&B,
ND_ML_1,Malambo,LMB_GRA5,Malambo_Grazing_Area_Olemilei,,,Malambo_Grazing_Area_Olemilei,
ND_ML_1,Malambo,LMB_GRA6,Malambo_Grazing_Area_Ngabolo,,,Malambo_Grazing_Area_Ngabolo,
ND_ML_1,Malambo,LMB_GRA7,Malambo_Grazing_Area_Anghata_Esanjan,,,Malambo_Grazing_Area_Anghata_Esanjan,
ND_ML_1,Malambo,LMB_GRA8,Malambo_Grazing_Area_Esoit_Narok,,,Malambo_Grazing_Area_Esoit_Narok,
ND_ML_1,Malambo,LMB_R4,Malambo_River_Anghata_Okerian,,,Malambo_River_Anghata_Okerian,
ND_ML_1,Malambo,LMB_GRA9,Malambo_Grazing_Area_Anghata_Okerian,,,Malambo_Grazing_Area_Anghata_Okerian,
ND_ML_1,Malambo,LMB_GRA10,Malambo_Grazing_Area_Mamen,,,Malambo_Grazing_Area_Mamen,
ND_ML_1,Malambo,LMB_GRA11,Malambo_Grazing_Area_Ngutotok,,,Malambo_Grazing_Area_Ngutotok,
ND_ML_1,Malambo,LMB_GRA12,Malambo_Grazing_Area_Ngambini,,,Malambo_Grazing_Area_Ngambini,
ND_ML_1,Malambo,LMB_GRA13,Malambo_Grazing_Area_Wotuni,,,Malambo_Grazing_Area_Wotuni,
ND_ML_1,Malambo,LMB_GRA14,Malambo_Grazing_Area_Sakamba,,,Malambo_Grazing_Area_Sakamba,
ND_ML_1,Malambo,LMB_GRA15,Malambo_Grazing_Area_Indinyika,,,Malambo_Grazing_Area_Indinyika,
ND_ML_1,Malambo,LMB_GRA16,Malambo_Grazing_Area_Oirii,,,Malambo_Grazing_Area_Oirii,
ND_ML_1,Malambo,LMB_GRA17,Malambo_Grazing_Area_Engisiau,,,Malambo_Grazing_Area_Engisiau,
ND_ML_1,Malambo,LMB_GRA18,Malambo_Grazing_Area_Orkume,,,Malambo_Grazing_Area_Orkume,
ND_ML_1,Malambo,LMB_GRA19,Malambo_Grazing_Area_Olkiloriti,,,Malambo_Grazing_Area_Olkiloriti,
ND_ML_1,Malambo,LMB_GRA20,Malambo_Grazing_Area_Nadungoro,,,Malambo_Grazing_Area_Nadungoro,
ND_ML_2,Madukani,LMD_OS_1,Madukani_Osero_Oitiyi,,,Madukani_Osero_Oitiyi,
ND_ML_2,Madukani,LMD_OS_2,Madukani_Osero_Sopirot,,,Madukani_Osero_Sopirot,
ND_ML_2,Madukani,LMD_GRA1,Madukani_Grazing_Area_Olchoro,,,Madukani_Grazing_Area_Olchoro,
ND_ML_2,Madukani,LMD_GRA2,Madukani_Grazing_Area_Olemetema,,,Madukani_Grazing_Area_Olemetema,
ND_ML_2,Madukani,LMD_GRA3,Madukani_Grazing_Area_Olokii,,,Madukani_Grazing_Area_Olokii,
ND_ML_2,Madukani,LMD_GRA4,Madukani_Grazing_Area_Opirikata,,,Madukani_Grazing_Area_Opirikata,
ND_ML_2,Madukani,LMD_GRA5,Madukani_Grazing_Area_Oltepesi,,,Madukani_Grazing_Area_Oltepesi,
ND_ML_2,Madukani,LMD_GRA6,Madukani_Grazing_Area_Manang,,,Madukani_Grazing_Area_Manang,
ND_ML_2,Madukani,LMD_GRA7,Madukani_Grazing_Area_Embaribal,,,Madukani_Grazing_Area_Embaribal,
ND_ML_2,Madukani,LMD_GRA8,Madukani_Grazing_Area_Engurashi,,,Madukani_Grazing_Area_Engurashi,
ND_ML_2,Madukani,LMD_GRA9,Madukani_Grazing_Area_Eyarat,,,Madukani_Grazing_Area_Eyarat,
ND_ML_2,Madukani,LMD_GRA10,Madukani_Grazing_Area_Nesikira,,,Madukani_Grazing_Area_Nesikira,
ND_ML_2,Madukani,LMD_R1,Madukani_River_Esembulai,,,Madukani_River_Esembulai,
ND_ML_2,Madukani,LMD_R2,Madukani_River_Kiruhi,,,Madukani_River_Kiruhi,
ND_ML_2,Madukani,LMD_R3,Madukani_River_Lokiu,,,Madukani_River_Lokiu,
ND_ML_2,Madukani,LMD_R4,Madukani_River_Lebaye,,,Madukani_River_Lebaye,
ND_ML_2,Madukani,LMD_R5,Madukani_River_Omutaro,,,Madukani_River_Omutaro,
ND_ML_2,Madukani,LMD_R6,Madukani_River_Olchoro,,,Madukani_River_Olchoro,
ND_ML_2,Madukani,LMD_R7,Madukani_River_Koitekeu,,,Madukani_River_Koitekeu,
ND_PN_1,Pinyinyi,LPN_GRA1,Pinyinyi_Grazing_Area_Anghata_Manyoki,,,Pinyinyi_Grazing_Area_Anghata_Manyoki,
ND_PN_1,Pinyinyi,LPN_GRA2,Pinyinyi_Grazing_Area_Loobilin,,,Pinyinyi_Grazing_Area_Loobilin,
ND_PN_1,Pinyinyi,LPN_MV,Pinyinyi_Subvillage_Masusu,,,Pinyinyi_Subvillage_Masusu,
ND_PN_1,Pinyinyi,LPN_VP,Pinyinyi_Masusu_Grazing_Area,,,Pinyinyi_Subvillage_Masusu,
ND_PN_1,Pinyinyi,LPN_VP,Pinyinyi_Village_Perimeter,,,Pinyinyi_Village_centre,
ND_PN_1,Pinyinyi,LPN_CP,Pinyinyi_Crop_waste,,,Pinyinyi_Village_centre,
ND_PN_1,Pinyinyi,LPN_R,Pinyinyi_River,,,Pinyinyi_River,
ND_PN_1,Pinyinyi,LPN_MD1,Pinyinyi_Masusu_Dam1,,,Pinyinyi_Masusu_Dam1,
ND_PN_1,Pinyinyi,LPN_MD2,Pinyinyi_Masusu_Dam2,,,Pinyinyi_Masusu_Dam2,
ND_PN_1,Pinyinyi,LPN_M_RO,Pinyinyi_Masusu_River_Ormatasia,,,Pinyinyi_Masusu_River_Ormatasia,
ND_PN_1,Pinyinyi,LPN_Sp1,Pinyinyi_Salt_point_Embaas,,,Pinyinyi_Salt_point_Embaas,
ND_PN_1,Pinyinyi,LPN_Sp2,Pinyinyi_Salt_point_Subvillage_Indinka,,,Pinyinyi_Salt_point_Subvillage_Indinka,
ND_PN_1,Pinyinyi,LPN_Sp3,Pinyinyi_Salt_point_Subvillage_Kipalau,,,Pinyinyi_Salt_point_Subvillage_Kipalau,
ND_PN_1,Pinyinyi,LPN_Sp4,Pinyinyi_Salt_point_Loobilin_Edurlen,,,Pinyinyi_Salt_point_Loobilin_Edurlen,
ND_PN_1,Pinyinyi,LPN_Sp5,Pinyinyi_Salt_point_Loobilin_Lositeti,,,Pinyinyi_Salt_point_Loobilin_Lositeti,
,Longido district,LD_EG,Longido_Engusero_Village,,,Longido_Engusero_Village,
,Kenya,KY_SV,Shombolo_Grazing_Area_Egarengiro,,,Shombolo_Grazing_Area_Egarengiro,
,Engarasero,LEN_Ws,Engarasero_water_sources,,,Engarasero_water_sources,
,Kenya,KY_SV_Ws,Shombolo_Water_sources_Egarengiro,,,Shombolo_Water_sources_Egarengiro,
ND_EN_1,Engarasero,LEN_Ws,Engarasero_water_sources,,,Engarasero_water_sources,
ND_EN_1,Engarasero,LEN_GRA1,Engarasero_Grazing_Area_Monic_Engejek,,,Engarasero_Grazing_Area_Monic_Engejek,
ND_EN_1,Engarasero,LEN_GRA2,Engarasero_Grazing_Area_Odonyo_Esisi,,,Engarasero_Grazing_Area_Odonyo_Esisi,
ND_EN_1,Engarasero,LEN_GRA3,Engarasero_Grazing_Area_Odonyo_Lengai_Hill,,,Engarasero_Grazing_Area_Odonyo_Lengai_Hill,
ND_EN_1,Engarasero,LEN_GRA4,Engarasero_Grazing_Area_Oleparkasai,,,Engarasero_Grazing_Area_Oleparkasai,
ND_EN_1,Engarasero,LEN_GRA5,Engarasero_Grazing_Area_Ikereyani,,,Engarasero_Grazing_Area_Ikereyani,
ND_EN_1,Engarasero,LEN_GRA6,Engarasero_Grazing_Area_Odonyo_Lengai,,,Engarasero_Grazing_Area_Odonyo_Lengai,
ND_EN_1,Engarasero,LEN_GRA7,Engarasero_Grazing_Area_Okerian,,,Engarasero_Grazing_Area_Okerian,
ND_EN_1,Engarasero,LEN_VP,Engarasero_Village_Perimeter,,,Engarasero_Village_centre,
ND_EN_1,Engarasero,LEN_R1,Engarasero_River_Iretet,,,Engarasero_River_Iretet_Monic,
ND_EN_1,Engarasero,LEN_R2,Engarasero_River_Ingorikiriani,,,Engarasero_River_Ingorikiriani,
ND_EN_1,Engarasero,LEN_R3,Engarasero_River_Leshuta,,,Engarasero_River_Leshuta,
ND_EN_1,Engarasero,LEN_R4,Engarasero_River_Armaitoni,,,Engarasero_River_Armaitoni,
ND_EN_1,Engarasero,LEN_R5,Engarasero_River_Indalani,,,Engarasero_River_Indalani,
ND_EN_1,Engarasero,LEN_Wf,Engarasero_Water_fall,,,Engarasero_Water_fall_Engarasero_River,
ND_EN_1,Engarasero,LEN_Sp,Engarasero_Salt_point,,,Engarasero_Salt_point,
ND_EN_1,Engarasero,LEN_Dam,Engarasero_Dam,,,Engarasero_Dam_Oleparkasai,
ND_EN_1,Engarasero,LEN_Wm1,Engarasero_Water_swamp_Laalayok,,,Engarasero_Water_swamp_Laalayok,
ND_EN_1,Engarasero,LEN_Wm2,Engarasero_Water_swamp_Okerian,,,Engarasero_Water_swamp_Okerian,
ND_EN_1,Engarasero,LEN_Wm3,Engarasero_Water_swamp_Labaye,,,Engarasero_Water_swamp_Labaye,
ND_EN_1,Engarasero,LEN_Pd,Engarasero_Pond,,,Engarasero_Pond_Lakina,
ND_ES_3,Naan,LNN_GRA1,Naan_Grazing_Area_Oleparinmigat,,,Naan_Grazing_Area_Oleparinmigat,
ND_ES_3,Naan,LNN_GRA2,Naan_Grazing_Area_Olooloitikoshi,,,Naan_Grazing_Area_Olooloitikoshi,
ND_ES_3,Naan,LNN_GRA3,Naan_Grazing_Area_Olekipila,,,Naan_Grazing_Area_Olekipila,
ND_ES_3,Naan,LNN_GRA4,Naan_Grazing_Area_Oldonyo_Onyokie,,,Naan_Grazing_Area_Oldonyo_Onyokie,
ND_ES_3,Naan,LNN_GRA5,Naan_Grazing_Area_Parisungasu,,,Naan_Grazing_Area_Parisungasu,
ND_ES_3,Naan,LNN_GRA6,Naan_Grazing_Area_Emurwa_Oomungi,,,Naan_Grazing_Area_Emurwa_Oomungi,
ND_ES_3,Naan,LNN_GRA7,Naan_Grazing_Area_Sangulungu,,,Naan_Grazing_Area_Sangulungu,
ND_ES_3,Naan,LNN_GRA8,Naan_Grazing_Area_Okioloti,,,Naan_Grazing_Area_Okioloti,
ND_ES_3,Naan,LNN_GRA9,Naan_Grazing_Area_Iloirukoruko,,,Naan_Grazing_Area_Iloirukoruko,
ND_ES_3,Naan,LNN_GRA10,Naan_Grazing_Area_Ipalaka,,,Naan_Grazing_Area_Ipalaka,
ND_ES_3,Naan,LNN_GRA11,Naan_Grazing_Area_Isoitok_Ngiroin,,,Naan_Grazing_Area_Isoitok_Ngiroin,
ND_ES_3,Naan,LNN_GRA12,Naan_Grazing_Area_Olchurai,,,Naan_Grazing_Area_Olchurai,
ND_ES_3,Naan,LNN_GRA13,Naan_Grazing_Area_Engutoto,,,Naan_Grazing_Area_Engutoto,
ND_ES_3,Naan,LNN_GRA14,Naan_Grazing_Area_Olosho,,,Naan_Grazing_Area_Olosho,
ND_ES_3,Naan,LNN_G,Naan_Grazing_Area_Gibiledi,,,Naan_Grazing_Area_Gibiledi,
ND_ES_3,Naan,LNN_CP,Naan_Crop_waste,,,Naan_Village_centre,
ND_ES_3,Naan,LNN_VP,Naan_Village_Perimeter,,,Naan_Village_centre,
ND_ES_3,Naan,LNN_V,Naan_Village,,,Naan_Village_centre,
ND_ES_3,Naan,LNN_R,Naan_Water_swamp_Ikoroini,,,Naan_River,
ND_ES_3,Naan,LNN_Wm1,Naan_Water_swamp_Imbaashi_Oongai,,,Naan_Water_swamp_Imbaashi_Oongai,
ND_ES_3,Naan,LNN_Wm2,Naan_Water_swamp_Kikweri,,,Naan_Water_swamp_Kikweri,
ND_ES_3,Naan,LNN_Wm3,Naan_Water_swamp_Engoriongi,,,Naan_Water_swamp_Engoriongi,
ND_ES_3,Naan,LNN_Wm4,Naan_Water_swamp_Emrigwet,,,Naan_Water_swamp_Emrigwet,
ND_ES_3,Naan,LNN_Wm5,Naan_Water_swamp_Naadapan,,,Naan_Water_swamp_Naadapan,
ND_ES_3,Naan,LNN_Pd,Naan_Water_pond_Olturoto_Lesoit,,,Naan_Water_pond_Olturoto_Lesoit,
ND_ES_3,Naan,LNN_R1,Naan_River_Oloiborsoit,,,Naan_River_Oloiborsoit,
ND_ES_3,Naan,LNN_R2,Naan_River_Amariko,,,Naan_River_Amariko,
ND_ES_3,Naan,LNN_R3,Naan_River_Nairotia,,,Naan_River_Nairotia,
ND_ES_3,Naan,LNN_R4,Naan_River_Iloorook_Ikeek,,,Naan_River_Iloorook_Ikeek,
ND_ES_3,Naan,LNN_R5,Naan_River_Enaisiapa,,,Naan_River_Enaisiapa,
ND_ES_3,Naan,LNN_Sp1,Naan_Salt_Oloibosoit,,,Naan_River_Oloiborsoit,
ND_ES_3,Naan,LNN_Sp2,Naan_Salt_point_Mutengwar,,,Naan_Salt_point_Mutengwar,
ND_ES_3,Naan,LNN_Sp3,Naan_Salt_point_Ebolisi_Naibor,,,Naan_Salt_point_Ebolisi_Naibor,
,Kenya,KY_V_NE,Kenya_Village_Naimina_Engito,,,Kenya_Village_Naimina_Engito,
ND_ES_3,Naan,LNN_Ws,Naan_Water_sources,,,Naan_Village_centre,
ND_OP_3,Sukenya,LSY_GRA2,Sukenya_Grazing_Area_Olokoboi,,,Sukenya_Grazing_Area_Olokoboi,
ND_OP_3,Sukenya,LSY_GRA1,Sukenya_Grazing_Area_Suguro,,,Sukenya_Grazing_Area_Suguro,
ND_OP_3,Sukenya,LSY_OS,Sukenya_Osero,,,Sukenya_Osero,
ND_OP_3,Sukenya,LSY_Ws,Sukenya_River_Pololet,,,Sukenya_River_Pololet,
,Longido district,LD_EG,Longido_Engusero_Village,,,Longido_Engusero_Village,
ND_OP_1,Oloipiri,LOP_OS_6,Oloipiri_Osero_Imersheren,,,Oloipiri_Osero_Imersheren,
ND_OP_1,Oloipiri,LOP_OS_7,Oloipiri_Osero_Ngoyapasi,,,Oloipiri_Osero_Ngoyapasi,
ND_OP_1,Oloipiri,LOP_V,Oloipiri_Village_Osero,,,Oloipiri_Osero_Iloopilukuni,
ND_DD_1,Digodigo,SDD_V,Digodigo_Village,,,Digodigo_Village_centre,
ND_OR_2,Orkiu Chini,LOC_V,Orkiu Chini_Village,,,Orkiu Chini_Village,
,Sale,SSA_Ws,Sale_Village_Water_sources,,,Sale_Village_centre,
ND_ES_2,Ng'arwa,LNW_V,Ng'arwa_Village,,,Ng'arwa_Village_centre,
ND_ES_1,Engusero Sambo,LES_V,Engusero_Sambu_Village,,,Engusero_Village_centre,
ND_KG_1,Kisanjiro,SKS_Ws,Kisanjiro_Water_sources,,,Kisanjiro_Village_centre,
ND_OS_1,Oldonyo Sambu,SOS_Ws,Oldonyo_Sambu_Water_sources,,,Oldonyo_Sambu_Village_centre,
ND_AS_1,Arashi,LAR_V_Ws,Arashi_Village_Water_sources,,,Arashi_Village_centre,
ND_SG_4,Yasi Mdito,SYM_Ws,Yasi_Mdito_Water_sources,,,Yasi_Mdito_Village_centre,
ND_OR_2,Orkiu Chini,LOC_V_Wp,Orkiu Chini_Water_pump,,,Orkiu Chini_Water_pump,
ND_ES_2,Ng'arwa,LNW_Ws,Ng'arwa_Water_sources,,,Ng'arwa_Water_sources,
ND_SG_3,Samunge,SSM_Ws,Samunge_Water_source,,,Samunge_Village_centre,
ND_MA_2,Losoito,LLS_Ws,Losoito_Village_water_sources,,,Losoito_Village_centre,
ND_OM_2,Olorien,LOL_Ws,Olorien_Water_sources,,,Olorien_Village_centre,
ND_AS_4,Mbukeni,LMK_Ws,Mbukeni_Osero_Water_source,,,Mbukeni_Osero_Naibosoit,
ND_DD_2,Rera,SRR_Ws,Rera_Water_sources,,,Rera_River_Juhe,
ND_ML_1,Malambo,LMB_V_Ws,Malambo_Village_Water_sources,,,Malambo_Village_centre,
,Longido district,LD_EG_Ws,Longido_Engusero_Water_sources,,,Longido_Engusero_Village,
ND_OP_3,Sukenya,LSY_VP,Sukenya_Village_Perimeter,,,Sukenya_Village_centre,
ND_SS_3,Mondorosi,LMD_VP,Mondorosi_Village_Perimeter,,,Mondorosi_Village_centre,
ND_SS_3,Mondorosi,LMD_GRA,Mondorosi_Grazing_Area,,,Mondorosi_Grazing_Area,
ND_SS_3,Mondorosi,LMD_OS,Mondorosi_Osero,,,Mondorosi_Osero,
ND_SS_3,Mondorosi,LMD_CP,Mondorosi_Crop_waste,,,Mondorosi_Village_centre,
ND_SS_3,Mondorosi,LMD_Ws,Mondorosi_Water_sources,,,Mondorosi_River_Pololet,
ND_OP_3,Sukenya,LSY_CP,Sukenya_Crop_waste,,,Sukenya_Village_centre,
ND_MA_2,Losoito,LLS_OS_8,Losoito_Osero_Ibolonaibor,,,Losoito_Osero_Ibolonaibor,